{
  "deltaTime": 0.00999999977648258,
  "k_bend": 0.00100000004749745,
  "k_stretch": 0.00100000004749745,
  "numSubSteps": 4
}
